Beatrice, Tris,
Tobias, Four, (Eaton)
Caleb
Marcus
Jeanine, (Matthews)
Christina
Tori, (Wu)
Eric
Peter, (Haye)
Edward
Natalie
Andrew
Susan, (Black)
Erin
Tessa
Cara
Fernando
Will
Uriah, (Pedrad)
Al
Marlene
Lynn
Max
Lauren
Zeke
Shauna
Hector
Harrison
Bud
Gabe
Rita
Kee
Hana
Jack, (Kang)
James, (Tucker)
Rose
Bobby
Robert
Johanna, (Reyes)
Danielle, (Pohler)
Evelyn, (Johnson-Eaton)
Molly, (Atwood)
Drew
Myra
David
Matthew
Nita
George
Amar
Edith
Niles      
Mart       
Veronica   
Therese    
Amanda     
Suzanne    
Nelson     
Katherine  
Fulham     
Frank      
Collins    
Andrea     
Alice      
